{
    "src_c/simd_collisions_avx2.c": 1673454104.5335083,
    "src_c/collisions.c": 1673454104.5301747,
    "src_c/line.c": 1673469518.7532587,
    "src_c/polygon.c": 1673468512.979871,
    "src_c/simd_collisions.h": 1673454104.5301747,
    "src_c/geometry.c": 1673469522.2532587,
    "src_c/circle.c": 1673468584.8565416,
    "src_c/include/base.h": 1673454104.5301747,
    "src_c/include/geometry.h": 1673454104.5301747,
    "src_c/include/collisions.h": 1673454104.5301747,
    "src_c/include/pygame.h": 1673454090.9368412
}